City_ID,City,Country,Date,Lat,Lng,Max Temp,Humidity,Cloudiness,Wind Speed
0,Ribeira Grande,PT,2021-04-04 15:30:43,38.5167,-28.7,64.4,82,75,20.71
1,Yarensk,RU,2021-04-04 15:30:44,62.1675,49.0916,23.68,92,79,2.26
2,Kashi,CN,2021-04-04 15:30:44,39.4547,75.9797,48.2,57,75,2.24
3,Cape Town,ZA,2021-04-04 15:25:51,-33.9258,18.4232,73.99,68,20,13.8
4,Manzil Kamil,TN,2021-04-04 15:30:44,35.6248,10.6673,68.0,52,100,10.36
5,Nuuk,GL,2021-04-04 15:30:45,64.1835,-51.7216,33.73,96,100,43.13
6,Port Alfred,ZA,2021-04-04 15:30:45,-33.5906,26.891,69.01,75,0,10.89
7,Khatanga,RU,2021-04-04 15:30:45,71.9667,102.5,-16.2,91,11,6.06
8,Bengkulu,ID,2021-04-04 15:27:05,-3.8004,102.2655,78.04,84,100,10.04
9,Tahara,JP,2021-04-04 15:30:46,34.6667,137.2667,61.0,74,100,1.01
10,Mataura,NZ,2021-04-04 15:30:17,-46.1927,168.8643,57.0,69,39,3.0
11,Axim,GH,2021-04-04 15:30:46,4.8699,-2.2405,84.6,70,34,9.06
12,Levelland,US,2021-04-04 15:30:46,33.5873,-102.378,60.01,72,90,6.91
13,Lata,PT,2021-04-04 15:27:27,40.1629,-8.3327,75.0,43,0,8.7
14,Sept-Iles,CA,2021-04-04 15:30:02,50.2001,-66.3821,37.0,47,75,10.36
15,Broken Hill,AU,2021-04-04 15:30:47,-31.95,141.4333,68.0,42,0,4.61
16,Jumla,NP,2021-04-04 15:30:47,29.2747,82.1838,45.05,23,1,4.5
17,Barrow,US,2021-04-04 15:30:47,71.2906,-156.7887,-11.2,70,1,12.66
18,Ossora,RU,2021-04-04 15:30:48,59.2353,163.0719,13.57,93,100,27.6
19,San Patricio,US,2021-04-04 15:30:48,28.017,-97.5169,73.99,78,90,8.05
20,Bandundu,CD,2021-04-04 15:30:48,-3.3167,17.3667,85.95,62,67,3.24
21,Lompoc,US,2021-04-04 15:30:48,34.6391,-120.4579,51.01,87,44,3.44
22,Hermanus,ZA,2021-04-04 15:30:49,-34.4187,19.2345,71.01,80,86,1.99
23,Mahebourg,MU,2021-04-04 15:30:49,-20.4081,57.7,80.6,78,20,8.05
24,Kidal,ML,2021-04-04 15:30:49,18.4411,1.4078,95.85,3,0,5.97
25,Kaitangata,NZ,2021-04-04 15:30:50,-46.2817,169.8464,64.99,43,43,15.99
26,Punta Arenas,CL,2021-04-04 15:28:07,-53.15,-70.9167,44.6,57,0,14.97
27,Santa Rosalia,MX,2021-04-04 15:30:50,27.3167,-112.2833,82.09,22,35,3.33
28,Tasiilaq,GL,2021-04-04 15:30:50,65.6145,-37.6368,28.4,43,75,2.3
29,Fairbanks,US,2021-04-04 15:26:34,64.8378,-147.7164,33.8,100,90,8.05
30,Hobart,AU,2021-04-04 15:27:36,-42.8794,147.3294,57.2,62,75,9.22
31,Carnarvon,AU,2021-04-04 15:27:06,-24.8667,113.6333,78.8,73,56,14.97
32,Ponta Do Sol,PT,2021-04-04 15:30:51,32.6667,-17.1,66.2,59,40,4.61
33,Russell,US,2021-04-04 15:30:51,32.3502,-85.1999,64.0,58,1,2.86
34,Hithadhoo,MV,2021-04-04 15:30:30,-0.6,73.0833,83.75,75,69,17.36
35,Butaritari,KI,2021-04-04 15:30:52,3.0707,172.7902,81.23,79,37,9.64
36,Fortuna,US,2021-04-04 15:30:29,40.5982,-124.1573,50.0,93,90,0.83
37,Severo-Kurilsk,RU,2021-04-04 15:30:52,50.6789,156.125,28.89,81,84,14.36
38,Pacific Grove,US,2021-04-04 15:30:52,36.6177,-121.9166,54.0,66,90,5.61
39,Yellowknife,CA,2021-04-04 15:30:40,62.456,-114.3525,9.0,66,75,5.75
40,Bocana De Paiwas,NI,2021-04-04 15:30:53,12.7857,-85.1227,87.42,44,55,18.7
41,Bereda,ES,2021-04-04 15:30:53,43.2686,-7.5406,62.01,63,7,17.0
42,Souillac,MU,2021-04-04 15:28:04,-20.5167,57.5167,80.6,78,20,8.05
43,Asau,RO,2021-04-04 15:30:54,46.4333,26.4,43.0,48,100,6.4
44,Dikson,RU,2021-04-04 15:30:54,73.5069,80.5464,6.67,87,100,7.9
45,Zhezkazgan,KZ,2021-04-04 15:30:54,47.8043,67.7144,37.38,95,100,7.63
46,Kodiak,US,2021-04-04 15:30:54,57.79,-152.4072,32.0,80,1,3.44
47,Ushuaia,AR,2021-04-04 15:30:55,-54.8,-68.3,42.8,75,20,6.91
48,New Norfolk,AU,2021-04-04 15:30:55,-42.7826,147.0587,57.0,66,100,4.0
49,Sal Rei,CV,2021-04-04 15:30:55,16.1833,-22.9167,82.4,51,0,11.5
50,Upernavik,GL,2021-04-04 15:30:56,72.7868,-56.1549,-12.15,74,0,11.56
51,Siloam Springs,US,2021-04-04 15:26:55,36.1881,-94.5405,63.0,63,1,11.5
52,Batemans Bay,AU,2021-04-04 15:30:56,-35.7167,150.1833,68.0,90,13,4.0
53,Dunedin,NZ,2021-04-04 15:30:44,-45.8742,170.5036,55.0,89,31,10.0
54,Shwebo,MM,2021-04-04 15:30:57,22.5667,95.7,77.22,54,92,7.09
55,Caxito,AO,2021-04-04 15:30:57,-8.5785,13.6643,80.6,78,75,8.05
56,Saskylakh,RU,2021-04-04 15:30:50,71.9167,114.0833,-26.46,100,22,3.15
57,Toora-Khem,RU,2021-04-04 15:30:57,52.4675,96.11,25.52,93,16,1.16
58,Busselton,AU,2021-04-04 15:30:58,-33.65,115.3333,64.99,88,0,2.71
59,Waingapu,ID,2021-04-04 15:30:58,-9.6567,120.2641,77.83,84,100,10.16
60,Tuktoyaktuk,CA,2021-04-04 15:30:58,69.4541,-133.0374,-22.0,76,20,10.36
61,Lorengau,PG,2021-04-04 15:30:58,-2.0226,147.2712,80.6,81,99,8.21
62,Aykhal,RU,2021-04-04 15:27:24,66.0,111.5,-18.27,100,99,5.84
63,Torbay,CA,2021-04-04 15:30:59,47.6666,-52.7314,42.01,100,90,16.11
64,Vila Velha,BR,2021-04-04 15:27:19,-20.3297,-40.2925,80.6,74,20,14.97
65,Avarua,CK,2021-04-04 15:30:59,-21.2078,-159.775,80.6,83,75,13.8
66,East London,ZA,2021-04-04 15:30:59,-33.0153,27.9116,75.2,50,0,3.44
67,Vaini,TO,2021-04-04 15:31:00,-21.2,-175.2,75.2,83,75,5.75
68,Castro,BR,2021-04-04 15:28:02,-24.7911,-50.0119,70.39,59,69,6.91
69,Bluff,NZ,2021-04-04 15:30:24,-46.6,168.3333,57.0,69,70,3.0
70,Umm Kaddadah,SD,2021-04-04 15:31:00,13.6017,26.6876,88.56,9,5,15.99
71,Hilo,US,2021-04-04 15:29:54,19.7297,-155.09,68.0,83,75,4.61
72,Te Anau,NZ,2021-04-04 15:31:01,-45.4167,167.7167,55.89,68,23,11.92
73,Jamestown,US,2021-04-04 15:30:03,42.097,-79.2353,50.0,49,1,10.36
74,Qaanaaq,GL,2021-04-04 15:31:01,77.484,-69.3632,-12.93,67,15,6.8
75,Lucea,JM,2021-04-04 15:31:01,18.451,-78.1736,82.99,65,40,25.32
76,Akureyri,IS,2021-04-04 15:31:02,65.6835,-18.0878,14.0,92,90,28.77
77,Portland,US,2021-04-04 15:29:26,45.5234,-122.6762,50.0,66,75,9.22
78,Bridgetown,BB,2021-04-04 15:31:02,13.1,-59.6167,84.2,54,40,18.41
79,Hovd,MN,2021-04-04 15:31:02,48.0056,91.6419,34.32,22,58,0.96
80,Cozumel,MX,2021-04-04 15:31:03,20.5083,-86.9458,80.6,54,1,14.97
81,Atuona,PF,2021-04-04 15:31:03,-9.8,-139.0333,80.29,79,77,11.07
82,Bredasdorp,ZA,2021-04-04 15:31:03,-34.5322,20.0403,75.2,57,86,14.97
83,Saint-Ambroise,CA,2021-04-04 15:31:04,48.5501,-71.3324,37.99,69,98,1.14
84,Albany,US,2021-04-04 15:30:05,42.6001,-73.9662,48.99,27,25,6.62
85,Isangel,VU,2021-04-04 15:31:04,-19.55,169.2667,76.12,79,71,15.82
86,Jasaan,PH,2021-04-04 15:29:25,8.65,124.7833,75.94,79,100,3.2
87,Provideniya,RU,2021-04-04 15:31:04,64.3833,-173.3,-5.64,88,34,8.12
88,Haines Junction,CA,2021-04-04 15:31:05,60.7522,-137.5108,10.4,79,100,3.44
89,Viedma,AR,2021-04-04 15:27:05,-40.8135,-62.9967,81.39,36,6,17.76
90,Brae,GB,2021-04-04 15:31:05,60.3964,-1.353,39.2,60,20,29.93
91,Lagoa,PT,2021-04-04 15:31:05,39.05,-27.9833,60.19,79,100,16.6
92,Kapaa,US,2021-04-04 15:31:06,22.0752,-159.319,73.4,68,90,19.57
93,Goderich,CA,2021-04-04 15:31:06,43.7501,-81.7165,41.0,81,12,5.75
94,Nanortalik,GL,2021-04-04 15:31:06,60.1432,-45.2371,37.09,79,94,11.39
95,Rikitea,PF,2021-04-04 15:26:29,-23.1203,-134.9692,77.27,67,36,14.2
96,Sapa,PH,2021-04-04 15:31:07,5.1544,120.3241,81.25,80,89,5.59
97,Kiama,AU,2021-04-04 15:31:07,-34.6833,150.8667,66.0,87,0,1.01
98,Thompson,CA,2021-04-04 15:26:33,55.7435,-97.8558,23.0,58,20,4.61
99,Beringovskiy,RU,2021-04-04 15:26:37,63.05,179.3167,-11.54,97,27,6.85
100,Nalut,LY,2021-04-04 15:31:07,30.3333,10.85,89.62,8,79,17.58
101,Filingue,NE,2021-04-04 15:31:08,14.3521,3.3168,100.42,4,0,3.6
102,Arraial Do Cabo,BR,2021-04-04 15:31:08,-22.9661,-42.0278,82.4,65,40,14.97
103,Sioux Lookout,CA,2021-04-04 15:26:29,50.1001,-91.917,46.4,42,75,12.66
104,Panjab,AF,2021-04-04 15:31:09,34.388,67.0233,36.1,94,82,1.61
105,Mehamn,NO,2021-04-04 15:31:09,71.0357,27.8492,33.8,86,75,17.27
106,Nara,JP,2021-04-04 15:31:09,34.6851,135.8049,55.99,80,100,6.91
107,Kruisfontein,ZA,2021-04-04 15:31:09,-34.0033,24.7314,73.0,51,0,8.99
108,Richards Bay,ZA,2021-04-04 15:30:08,-28.783,32.0377,68.14,70,0,6.35
109,Bathsheba,BB,2021-04-04 15:29:16,13.2167,-59.5167,84.2,54,40,18.41
110,Asosa,ET,2021-04-04 15:31:10,10.0667,34.5333,82.24,20,89,5.32
111,Mae Hong Son,TH,2021-04-04 15:31:10,19.3003,97.9685,74.44,74,93,2.08
112,Gautier,US,2021-04-04 15:31:10,30.3858,-88.6117,66.2,45,1,4.61
113,Iqaluit,CA,2021-04-04 15:30:12,63.7506,-68.5145,10.4,72,20,5.75
114,Vanimo,PG,2021-04-04 15:31:11,-2.6741,141.3028,78.35,88,100,0.45
115,Naze,JP,2021-04-04 15:31:11,28.3667,129.4833,61.52,77,100,16.62
116,Farafangana,MG,2021-04-04 15:31:11,-22.8167,47.8333,78.66,83,1,12.33
117,Praia Da Vitoria,PT,2021-04-04 15:26:20,38.7333,-27.0667,62.6,77,20,18.54
118,Ferrol,ES,2021-04-04 15:31:12,43.4832,-8.2369,69.01,45,0,8.05
119,Taltal,CL,2021-04-04 15:31:12,-25.4,-70.4833,69.39,68,51,7.43
120,Alofi,NU,2021-04-04 15:31:12,-19.0595,-169.9187,71.6,100,97,2.3
121,Jardim,BR,2021-04-04 15:31:13,-21.4803,-56.1381,96.08,24,86,6.33
122,Itaueira,BR,2021-04-04 15:31:13,-7.6033,-43.0256,93.69,34,61,8.28
123,Saint George,US,2021-04-04 15:27:06,37.1041,-113.5841,55.4,26,1,3.04
124,Puerto Ayora,EC,2021-04-04 15:31:13,-0.7393,-90.3518,80.6,78,20,9.22
125,Nikolskoye,RU,2021-04-04 15:31:14,59.7035,30.7861,43.0,65,20,13.42
126,Roald,NO,2021-04-04 15:31:14,62.5833,6.1333,35.6,87,75,19.57
127,Bambous Virieux,MU,2021-04-04 15:31:14,-20.3428,57.7575,82.0,78,20,8.05
128,Kavieng,PG,2021-04-04 15:31:14,-2.5744,150.7967,77.09,91,100,8.28
129,Altamira,BR,2021-04-04 15:29:08,-3.2033,-52.2064,82.4,89,75,6.91
130,Mayo,US,2021-04-04 15:31:15,38.8876,-76.5119,64.0,31,1,8.05
131,Farah,AF,2021-04-04 15:31:15,32.5,62.5,65.26,17,4,15.86
132,Comodoro Rivadavia,AR,2021-04-04 15:30:20,-45.8667,-67.5,71.6,56,0,6.17
133,Maues,BR,2021-04-04 15:31:15,-3.3836,-57.7186,91.15,48,99,5.23
134,Cayenne,GF,2021-04-04 15:31:16,4.9333,-52.3333,77.0,94,75,5.75
135,Mosetse,BW,2021-04-04 15:31:16,-20.75,26.65,80.4,35,2,11.16
136,Kargil,IN,2021-04-04 15:31:16,34.5667,76.1,31.15,92,100,1.43
137,Bichena,ET,2021-04-04 15:31:17,10.45,38.2,70.79,24,21,4.21
138,Banda Aceh,ID,2021-04-04 15:31:17,5.5577,95.3222,80.53,78,90,7.02
139,Sola,VU,2021-04-04 15:31:17,-13.8833,167.55,81.57,79,99,16.71
140,Los Llanos De Aridane,ES,2021-04-04 15:31:18,28.6585,-17.9182,68.0,56,75,3.44
141,Sao Joao Da Barra,BR,2021-04-04 15:27:04,-21.6403,-41.0511,84.2,54,75,11.5
142,Yuyao,CN,2021-04-04 15:31:18,30.05,121.1494,53.6,50,0,8.95
143,Havoysund,NO,2021-04-04 15:31:18,70.9963,24.6622,32.0,80,75,4.61
144,Tiksi,RU,2021-04-04 15:27:09,71.6872,128.8694,-21.1,100,71,4.74
145,Ilulissat,GL,2021-04-04 15:31:19,69.2167,-51.1,15.8,53,20,21.18
146,Khasan,RU,2021-04-04 15:31:19,42.4308,130.6434,39.34,58,0,5.08
147,Senekal,ZA,2021-04-04 15:31:19,-28.3197,27.6208,69.91,37,0,8.03
148,Rio Grande,BR,2021-04-04 15:31:20,-32.035,-52.0986,79.0,69,75,19.57
149,Chuy,UY,2021-04-04 15:31:20,-33.6971,-53.4616,76.48,61,15,9.64
150,Saint-Gabriel,CA,2021-04-04 15:31:20,46.3001,-73.3824,39.2,64,48,8.05
151,Mar Del Plata,AR,2021-04-04 15:27:38,-38.0023,-57.5575,75.99,73,40,11.5
152,Kamenica,DE,2021-04-04 15:31:20,50.8333,12.9167,51.01,51,67,3.0
153,Longyearbyen,SJ,2021-04-04 15:31:21,78.2186,15.6401,22.89,71,94,35.08
154,Sao Filipe,CV,2021-04-04 15:30:17,14.8961,-24.4956,77.29,63,17,1.23
155,Gat,IL,2021-04-04 15:31:21,31.61,34.7642,64.99,55,0,1.01
156,Karratha,AU,2021-04-04 15:27:00,-20.7377,116.8463,84.79,48,3,5.82
157,Port-Gentil,GA,2021-04-04 15:31:22,-0.7193,8.7815,87.8,70,20,12.66
158,Livramento,BR,2021-04-04 15:31:22,-3.0254,-60.1803,87.8,70,40,5.75
159,Tougue,GN,2021-04-04 15:31:22,11.4667,-11.6,98.49,8,70,6.51
160,Lebu,CL,2021-04-04 15:30:43,-37.6167,-73.65,62.49,59,0,6.93
161,Olafsvik,IS,2021-04-04 15:31:23,64.8945,-23.7142,20.19,53,100,16.98
162,Lishu,CN,2021-04-04 15:31:23,43.3047,124.3278,44.58,22,0,8.1
163,Kanigoro,ID,2021-04-04 15:31:23,-8.13,112.219,73.76,95,86,5.99
164,Jaciara,BR,2021-04-04 15:31:24,-15.9653,-54.9683,91.38,44,96,5.26
165,Qrendi,MT,2021-04-04 15:31:24,35.8347,14.4583,61.0,88,40,9.22
166,Abu Dhabi,AE,2021-04-04 15:31:13,24.4667,54.3667,77.0,57,0,10.36
167,Oranjemund,NA,2021-04-04 15:31:24,-28.55,16.4333,65.82,88,15,17.58
168,Codrington,AU,2021-04-04 15:31:25,-38.2667,141.9667,57.87,67,84,7.31
169,Chisec,GT,2021-04-04 15:31:25,15.8167,-90.2833,57.2,94,90,4.61
170,Vangaindrano,MG,2021-04-04 15:31:25,-23.35,47.6,75.79,90,0,7.49
171,Shenjiamen,CN,2021-04-04 15:31:25,29.9576,122.298,50.45,61,0,21.21
172,Manicore,BR,2021-04-04 15:31:26,-5.8092,-61.3003,82.4,83,75,4.61
173,Umea,SE,2021-04-04 15:31:26,63.8284,20.2597,39.2,75,0,17.27
174,Amahai,ID,2021-04-04 15:31:26,-3.3333,128.9167,79.21,83,99,3.24
175,Sitka,US,2021-04-04 15:30:17,57.0531,-135.33,35.6,93,90,8.05
176,Bahia Blanca,AR,2021-04-04 15:28:20,-38.7196,-62.2724,79.81,41,0,14.2
177,Kopychyntsi,UA,2021-04-04 15:31:27,49.1044,25.9103,46.0,56,94,7.52
178,Georgetown,MY,2021-04-04 15:31:27,5.4112,100.3354,86.0,74,20,6.91
179,Nampula,MZ,2021-04-04 15:31:27,-15.1165,39.2666,75.2,94,90,5.75
180,Marystown,CA,2021-04-04 15:31:19,47.1666,-55.1483,42.42,95,100,17.54
181,Aklavik,CA,2021-04-04 15:31:23,68.2191,-135.0107,-16.6,76,40,4.61
182,Yagodnoye,RU,2021-04-04 15:31:28,62.55,149.6667,-4.83,95,100,3.49
183,Bosaso,SO,2021-04-04 15:31:28,11.2842,49.1816,82.4,78,20,11.5
184,Rudnyy,KZ,2021-04-04 15:31:29,52.9594,63.1206,32.0,93,0,8.95
185,Bairiki,KI,2021-04-04 15:31:29,1.3292,172.9752,80.6,83,40,9.22
186,Ilhabela,BR,2021-04-04 15:31:29,-23.7781,-45.3581,76.69,76,98,5.37
187,Ayan,RU,2021-04-04 15:31:30,56.45,138.1667,4.5,79,1,9.35
188,Shiyan,CN,2021-04-04 15:31:30,32.6475,110.7781,50.88,56,100,3.22
189,Huilong,CN,2021-04-04 15:31:30,31.8111,121.655,52.0,63,0,13.65
190,San Policarpo,PH,2021-04-04 15:31:30,12.1791,125.5072,81.82,69,83,11.5
191,Griffith,US,2021-04-04 15:26:54,41.5284,-87.4237,64.0,48,1,4.14
192,Krasnovishersk,RU,2021-04-04 15:31:31,60.4078,57.082,32.2,98,100,3.62
193,Ufimskiy,RU,2021-04-04 15:31:31,56.7084,58.0517,33.19,99,100,3.33
194,Belmonte,BR,2021-04-04 15:31:31,-15.8631,-38.8828,86.0,79,40,8.05
195,Chegutu,ZW,2021-04-04 15:31:32,-18.1302,30.1407,70.86,45,0,6.26
196,Namatanai,PG,2021-04-04 15:31:32,-3.6667,152.4333,77.86,85,97,6.8
197,Teano,IT,2021-04-04 15:31:32,41.2513,14.0665,62.6,16,0,8.03
198,Kyzyl-Suu,KG,2021-04-04 15:31:33,42.3414,78.0056,37.87,57,100,2.75
199,Salinas,US,2021-04-04 15:31:33,36.6777,-121.6555,54.0,71,40,1.92
200,Ko Samui,TH,2021-04-04 15:31:33,9.5357,99.9357,83.48,70,80,4.05
201,Nzega,RW,2021-04-04 15:31:33,-2.479,29.5564,60.39,92,94,1.32
202,Rio Tercero,AR,2021-04-04 15:30:03,-32.173,-64.1141,75.99,61,77,4.0
203,Srivardhan,IN,2021-04-04 15:31:34,18.0333,73.0167,79.68,75,20,7.29
204,Arrecife,ES,2021-04-04 15:30:07,28.963,-13.5477,73.4,40,20,14.97
205,Hasaki,JP,2021-04-04 15:31:34,35.7333,140.8333,63.0,100,75,5.75
206,Carballo,ES,2021-04-04 15:31:34,43.213,-8.691,68.0,45,0,8.05
207,Cockburn Town,TC,2021-04-04 15:31:04,21.4612,-71.1419,74.88,74,97,26.04
208,Esperance,AU,2021-04-04 15:31:35,-33.8667,121.9,62.6,88,7,14.97
209,Vardo,NO,2021-04-04 15:31:35,70.3705,31.1107,37.4,75,75,12.66
210,Kibala,TD,2021-04-04 15:31:35,9.1104,18.3463,104.0,16,0,9.22
211,Victoria,HK,2021-04-04 15:27:38,22.2855,114.1577,75.0,87,94,1.99
212,Rundu,NA,2021-04-04 15:27:02,-17.9333,19.7667,85.24,30,0,8.37
213,Komsomolskiy,UZ,2021-04-04 15:29:10,40.4272,71.7189,48.2,87,75,2.3
214,Dickinson,US,2021-04-04 15:31:36,29.4608,-95.0513,68.0,77,90,8.05
215,Laem Sing,TH,2021-04-04 15:26:43,12.4816,102.0738,82.0,99,74,6.96
216,Puerto Del Rosario,ES,2021-04-04 15:31:36,28.5004,-13.8627,69.8,56,20,14.97
217,Kisangani,CD,2021-04-04 15:28:12,0.5167,25.2,91.4,52,20,6.91
218,Namibe,AO,2021-04-04 15:31:37,-15.1961,12.1522,79.7,83,100,13.24
219,Batagay-Alyta,RU,2021-04-04 15:31:37,67.8006,130.4114,-16.49,98,100,3.78
220,Kaeo,NZ,2021-04-04 15:31:32,-35.1,173.7833,52.0,93,17,3.31
221,Dingle,PH,2021-04-04 15:27:52,10.9995,122.6711,76.64,82,34,6.73
222,Iquique,CL,2021-04-04 15:29:23,-20.2208,-70.1431,71.6,60,0,13.8
223,Igarka,RU,2021-04-04 15:31:38,67.4667,86.5833,15.66,88,100,16.02
224,Kamenka,RU,2021-04-04 15:31:38,51.3223,42.7678,45.0,64,100,5.77
225,Laguna,US,2021-04-04 15:31:39,38.421,-121.4238,51.01,87,1,3.53
226,Vila Franca Do Campo,PT,2021-04-04 15:31:39,37.7167,-25.4333,59.0,88,75,17.27
227,Ostrovnoy,RU,2021-04-04 15:31:39,68.0531,39.5131,32.25,86,100,21.09
228,Sinnamary,GF,2021-04-04 15:31:40,5.3833,-52.95,80.1,84,100,10.25
229,Port Hardy,CA,2021-04-04 15:31:40,50.6996,-127.4199,41.0,93,40,8.05
230,Ngunguru,NZ,2021-04-04 15:31:40,-35.6167,174.5,52.0,93,34,5.44
231,Ormara,PK,2021-04-04 15:31:41,25.2088,64.6357,80.8,78,0,10.78
232,Half Moon Bay,US,2021-04-04 15:31:41,37.4636,-122.4286,53.6,71,90,8.05
233,Aleksandrov Gay,RU,2021-04-04 15:31:41,50.147,48.5704,39.22,64,99,5.28
234,Bonthe,SL,2021-04-04 15:31:41,7.5264,-12.505,85.8,66,49,13.94
235,Ayer Tawar,MY,2021-04-04 15:31:42,4.2954,100.7548,82.4,89,20,4.61
236,Akdepe,TM,2021-04-04 15:31:42,42.0551,59.3788,55.4,58,0,16.11
237,Majene,ID,2021-04-04 15:31:42,-3.5403,118.9707,79.29,85,100,3.0
238,Lasa,IT,2021-04-04 15:27:56,46.6166,10.7002,66.2,36,0,9.22
239,Port Elizabeth,ZA,2021-04-04 15:30:28,-33.918,25.5701,69.8,64,0,19.57
240,Asbestovskiy,RU,2021-04-04 15:31:43,57.7557,61.3967,34.2,99,100,3.85
241,Pinotepa Nacional,MX,2021-04-04 15:31:43,16.3167,-98.0167,89.62,33,0,4.27
242,Airai,TL,2021-04-04 15:30:27,-8.9266,125.4092,60.28,96,100,4.5
243,Tweed,CA,2021-04-04 15:31:44,44.4751,-77.3162,51.01,52,7,4.0
244,Polyarnyy,RU,2021-04-04 15:31:44,69.1989,33.4478,37.4,70,40,8.95
245,Port Blair,IN,2021-04-04 15:31:44,11.6667,92.75,80.24,75,7,4.0
246,Clyde River,CA,2021-04-04 15:31:44,70.4692,-68.5914,-13.0,84,1,4.61
247,Klaksvik,FO,2021-04-04 15:31:45,62.2266,-6.589,24.8,80,75,35.68
248,Alyangula,AU,2021-04-04 15:31:45,-13.8483,136.4192,79.16,61,17,4.74
249,Kurumkan,RU,2021-04-04 15:31:45,54.3,110.3,26.35,81,33,6.33
250,Jutai,BR,2021-04-04 15:31:46,-5.1833,-68.9,74.73,97,100,1.61
251,Coos Bay,US,2021-04-04 15:31:46,43.3665,-124.2179,48.2,93,90,9.22
252,Agboville,CI,2021-04-04 15:31:46,5.928,-4.2132,80.2,83,93,5.46
253,Port Lincoln,AU,2021-04-04 15:31:46,-34.7333,135.8667,63.23,83,0,12.64
254,Victor Harbor,AU,2021-04-04 15:31:47,-35.5667,138.6167,64.0,79,4,1.01
255,Port Augusta,AU,2021-04-04 15:31:47,-32.5,137.7667,68.0,88,0,11.5
256,Cabra,ES,2021-04-04 15:31:47,37.4725,-4.4421,72.0,46,27,1.01
257,Orlik,RU,2021-04-04 15:27:05,52.5178,99.825,15.39,86,25,2.91
258,Baruun-Urt,MN,2021-04-04 15:31:48,46.6806,113.2792,38.17,24,0,7.45
259,Grindavik,IS,2021-04-04 15:31:48,63.8424,-22.4338,21.2,58,75,26.46
260,Basco,PH,2021-04-04 15:31:48,20.4487,121.9702,77.7,80,79,24.83
261,Moengo,SR,2021-04-04 15:31:49,5.6167,-54.4,86.09,64,98,6.06
262,Ponta Delgada,PT,2021-04-04 15:31:49,37.7333,-25.6667,59.0,88,75,17.27
263,Bethel,US,2021-04-04 15:30:51,41.3712,-73.414,50.0,29,90,5.5
264,Saint-Philippe,RE,2021-04-04 15:27:13,-21.3585,55.7679,82.4,74,0,12.3
265,Cidreira,BR,2021-04-04 15:31:49,-30.1811,-50.2056,75.09,68,4,14.56
266,Letlhakane,BW,2021-04-04 15:31:50,-21.4167,25.5833,82.4,34,22,7.52
267,Ayagoz,KZ,2021-04-04 15:31:50,47.9714,80.4392,41.16,53,0,7.78
268,Chokurdakh,RU,2021-04-04 15:31:50,70.6333,147.9167,-26.95,100,19,4.97
269,Dengfeng,CN,2021-04-04 15:30:10,34.4553,113.0281,47.52,47,88,3.11
270,Saint-Augustin,CA,2021-04-04 15:29:30,51.226,-58.6502,34.84,99,100,13.0
271,Hambantota,LK,2021-04-04 15:31:51,6.1241,81.1185,78.8,78,0,4.61
272,Fare,PF,2021-04-04 15:28:11,-16.7,-151.0167,81.0,77,18,9.78
273,Turbat,PK,2021-04-04 15:31:51,26.0023,63.044,85.78,38,5,6.62
274,Lannion,FR,2021-04-04 15:31:52,48.75,-3.4167,50.0,71,40,8.05
275,La Tijera,MX,2021-04-04 15:31:52,19.9,-104.4,76.32,28,35,0.74
276,Palana,RU,2021-04-04 15:31:52,59.1167,159.9667,15.15,84,100,4.76
277,Noumea,NC,2021-04-04 15:30:07,-22.2763,166.4572,77.0,78,20,3.44
278,Petrivka,UA,2021-04-04 15:31:52,46.9695,30.9591,46.4,76,90,4.47
279,Evensk,RU,2021-04-04 15:31:53,61.95,159.2333,10.42,52,100,29.51
280,Tautira,PF,2021-04-04 15:31:53,-17.7333,-149.15,78.8,83,75,2.3
281,Talnakh,RU,2021-04-04 15:31:53,69.4865,88.3972,7.3,75,99,10.85
282,Taoudenni,ML,2021-04-04 15:26:59,22.6783,-3.9836,101.43,8,3,16.28
283,Fort Morgan,US,2021-04-04 15:31:23,40.2503,-103.8,55.4,28,1,11.5
284,Aksha,RU,2021-04-04 15:31:54,50.2814,113.2867,35.78,60,35,11.99
285,Hauterive,FR,2021-04-04 15:31:54,46.0901,3.4459,59.0,33,0,14.97
286,Yar-Sale,RU,2021-04-04 15:31:55,66.8333,70.8333,30.15,98,100,11.12
287,Rawson,AR,2021-04-04 15:31:55,-43.3002,-65.1023,82.35,24,28,22.32
288,Cassino,IT,2021-04-04 15:31:55,41.4876,13.8315,64.99,28,45,8.01
289,Indiaroba,BR,2021-04-04 15:31:55,-11.5192,-37.5117,89.2,45,4,8.79
290,Vao,NC,2021-04-04 15:31:56,-22.6667,167.4833,76.1,61,85,21.68
291,Auki,SB,2021-04-04 15:31:56,-8.7676,160.7034,78.3,87,93,2.84
292,Katsuura,JP,2021-04-04 15:31:56,35.1333,140.3,66.2,94,75,9.22
293,Sangmelima,CM,2021-04-04 15:31:57,2.9333,11.9833,90.32,38,100,1.81
294,Spirit River,CA,2021-04-04 15:31:57,55.7833,-118.8361,37.0,74,98,5.75
295,Sorong,ID,2021-04-04 15:30:46,-0.8833,131.25,81.75,80,46,5.75
296,Grand Gaube,MU,2021-04-04 15:31:57,-20.0064,57.6608,82.0,73,3,7.0
297,Sergeyevka,KZ,2021-04-04 15:31:58,53.88,67.4158,33.19,91,100,7.43
298,Ulaanbaatar,MN,2021-04-04 15:31:58,47.9077,106.8832,23.0,68,0,2.24
299,Salalah,OM,2021-04-04 15:30:41,17.0151,54.0924,82.4,78,0,6.91
300,Awbari,LY,2021-04-04 15:31:58,26.5921,12.7805,90.97,6,78,12.82
301,Sigli,ID,2021-04-04 15:31:59,5.3848,95.9609,79.5,83,100,6.08
302,Wajir,KE,2021-04-04 15:27:29,1.7471,40.0573,89.6,58,75,2.3
303,Ratnagiri,IN,2021-04-04 15:31:59,16.9833,73.3,79.84,71,8,7.36
304,Sindor,RU,2021-04-04 15:31:59,62.8629,51.8905,28.74,98,100,2.86
305,Borisoglebskiy,RU,2021-04-04 15:32:00,57.2586,39.1508,41.0,52,0,2.24
306,Ixtapa,MX,2021-04-04 15:31:37,20.7,-105.2,73.4,68,1,6.91
307,Balykshi,KZ,2021-04-04 15:32:00,47.0667,51.8667,50.0,76,40,13.42
308,Aviles,ES,2021-04-04 15:32:00,43.5547,-5.9248,57.99,67,20,12.66
309,Artsyz,UA,2021-04-04 15:32:01,45.9919,29.4182,48.18,68,100,0.74
310,Ust-Kuyga,RU,2021-04-04 15:27:44,70.0167,135.6,-12.57,97,100,5.35
311,Quatre Cocos,MU,2021-04-04 15:31:36,-20.2078,57.7625,82.0,78,20,8.05
312,Zambezi,ZM,2021-04-04 15:32:01,-13.5432,23.1047,74.79,63,33,4.81
313,Zhigansk,RU,2021-04-04 15:32:02,66.7697,123.3711,-22.2,99,52,5.95
314,San Quintin,MX,2021-04-04 15:32:02,30.4833,-115.95,63.39,70,3,10.29
315,Hailar,CN,2021-04-04 15:32:02,49.2,119.7,39.63,44,74,13.62
316,Saldanha,ZA,2021-04-04 15:30:58,-33.0117,17.9442,75.2,60,72,17.27
317,Pevek,RU,2021-04-04 15:32:03,69.7008,170.3133,-15.93,98,94,7.81
318,Moroto,UG,2021-04-04 15:32:03,2.5345,34.6666,71.89,71,99,2.37
319,Gerash,IR,2021-04-04 15:32:03,27.6652,54.1371,72.05,5,38,10.36
320,Honiara,SB,2021-04-04 15:32:03,-9.4333,159.95,78.08,87,75,3.06
321,Deputatskiy,RU,2021-04-04 15:32:04,69.3,139.9,-9.2,99,100,1.3
322,Teya,RU,2021-04-04 15:32:04,60.3778,92.6267,32.76,97,100,5.77
323,Powell River,CA,2021-04-04 15:32:04,49.8496,-124.5361,39.99,81,20,5.75
324,Leningradskiy,RU,2021-04-04 15:32:05,69.3833,178.4167,-3.12,97,100,6.71
325,Xai-Xai,MZ,2021-04-04 15:32:05,-25.0519,33.6442,71.02,68,18,6.13
326,Usinsk,RU,2021-04-04 15:32:05,65.9939,57.5281,17.29,93,32,5.64
327,Mana,GF,2021-04-04 15:32:06,5.6592,-53.7767,81.59,79,97,10.76
328,Buchanan,LR,2021-04-04 15:32:06,5.8808,-10.0467,84.2,84,75,5.75
329,Norman Wells,CA,2021-04-04 15:32:06,65.282,-126.8329,3.2,72,40,5.75
330,Illapel,CL,2021-04-04 15:32:06,-31.6308,-71.1653,75.51,50,96,5.39
331,Port Macquarie,AU,2021-04-04 15:28:30,-31.4333,152.9167,69.8,78,100,4.61
332,Beyneu,KZ,2021-04-04 15:32:07,45.3167,55.2,53.98,58,52,17.34
333,Mayumba,GA,2021-04-04 15:32:07,-3.432,10.6554,81.41,79,91,8.66
334,Machico,PT,2021-04-04 15:32:07,32.7,-16.7667,66.2,59,40,4.61
335,Tucurui,BR,2021-04-04 15:32:08,-3.7661,-49.6725,87.31,63,95,4.34
336,Pizarro,CO,2021-04-04 15:32:08,4.9533,-77.366,83.73,72,98,4.14
337,Padang,ID,2021-04-04 15:32:08,-0.9492,100.3543,75.2,94,20,2.3
338,Cherskiy,RU,2021-04-04 15:32:09,68.75,161.3,-15.36,100,96,2.82
339,Marsh Harbour,BS,2021-04-04 15:32:09,26.5412,-77.0636,67.8,58,93,17.69
340,Samarkand,UZ,2021-04-04 15:32:09,39.6542,66.9597,48.2,87,75,9.22
341,Am Timan,TD,2021-04-04 15:32:09,11.0297,20.2827,101.53,9,51,5.12
342,Pak Phanang,TH,2021-04-04 15:32:10,8.3511,100.202,81.63,77,99,1.34
343,Anadyr,RU,2021-04-04 15:27:23,64.75,177.4833,-13.0,77,20,4.47
344,At-Bashi,KG,2021-04-04 15:32:10,41.1702,75.8106,37.67,53,100,0.22
345,Zaozerne,UA,2021-04-04 15:32:10,45.1582,33.2787,46.0,80,100,12.73
346,Pisco,PE,2021-04-04 15:28:00,-13.7,-76.2167,75.0,83,92,4.61
347,Tuatapere,NZ,2021-04-04 15:32:11,-46.1333,167.6833,57.0,69,42,3.0
348,Cabo San Lucas,MX,2021-04-04 15:28:27,22.8909,-109.9124,80.6,24,1,7.38
349,Catamarca,AR,2021-04-04 15:32:11,-28.4696,-65.7852,82.99,64,14,11.01
350,Itaituba,BR,2021-04-04 15:32:11,-4.2761,-55.9836,84.2,79,40,4.23
351,Papagaios,BR,2021-04-04 15:32:12,-19.4492,-44.7478,82.31,54,76,3.94
352,Meulaboh,ID,2021-04-04 15:30:28,4.1363,96.1285,77.92,86,100,2.3
353,Yokadouma,CM,2021-04-04 15:32:12,3.5167,15.05,88.38,35,100,1.25
354,Labrea,BR,2021-04-04 15:32:12,-7.2586,-64.7981,87.73,62,100,3.4
355,Masallatah,LY,2021-04-04 15:32:13,32.6167,14.0,66.4,60,100,6.96
356,Zhicheng,CN,2021-04-04 15:32:13,30.2956,111.5047,54.0,75,100,5.28
357,Bilma,NE,2021-04-04 15:32:13,18.6853,12.9164,91.04,5,0,5.39
358,Allada,BJ,2021-04-04 15:32:14,6.6655,2.1514,89.6,66,20,14.97
359,Amga,RU,2021-04-04 15:32:14,60.8953,131.9608,-13.47,100,80,1.68
360,Felipe Carrillo Puerto,MX,2021-04-04 15:32:14,19.5833,-88.05,80.38,52,9,7.4
361,Piacabucu,BR,2021-04-04 15:32:15,-10.4056,-36.4344,86.02,61,60,10.56
362,Aleksin,RU,2021-04-04 15:32:15,54.51,37.08,42.8,49,40,6.71
363,Kinkala,CG,2021-04-04 15:32:15,-4.3614,14.7644,93.2,49,40,8.05
364,Dakar,SN,2021-04-04 15:32:14,14.6937,-17.4441,77.0,61,0,13.8
365,Ryazan,RU,2021-04-04 15:32:16,54.6197,39.74,33.12,91,74,7.11
366,Itarema,BR,2021-04-04 15:32:16,-2.9248,-39.9167,85.03,69,100,14.61
367,Irupi,BR,2021-04-04 15:32:16,-20.3453,-41.6411,74.86,69,99,3.85
368,Tagusao,PH,2021-04-04 15:32:17,9.1924,117.8141,80.49,81,94,5.12
369,Boca Do Acre,BR,2021-04-04 15:32:17,-8.7522,-67.3978,85.41,70,80,0.96
370,Guerrero Negro,MX,2021-04-04 15:28:32,27.9769,-114.0611,61.0,80,2,14.05
371,Fort-Shevchenko,KZ,2021-04-04 15:32:17,44.5086,50.263,48.6,80,24,9.78
372,Beidao,CN,2021-04-04 15:32:18,34.5686,105.8933,44.56,92,100,3.53
373,Saint-Joseph,RE,2021-04-04 15:31:38,-21.3667,55.6167,82.4,74,0,8.86
374,Mathbaria,BD,2021-04-04 15:32:18,22.2876,89.9593,79.65,40,88,0.69
375,Svetlogorsk,BY,2021-04-04 15:32:18,52.6333,29.7333,40.89,60,87,7.11
376,Havre-Saint-Pierre,CA,2021-04-04 15:32:19,50.2334,-63.5986,35.6,93,90,12.66
377,Callosa De Segura,ES,2021-04-04 15:32:19,38.125,-0.8782,63.0,62,62,10.0
378,Cap Malheureux,MU,2021-04-04 15:32:19,-19.9842,57.6142,82.0,73,3,7.0
379,Tonder,DK,2021-04-04 15:32:19,54.9331,8.8667,44.01,83,93,5.01
380,Geraldton,AU,2021-04-04 15:32:20,-28.7667,114.6,73.4,83,75,13.8
381,Iraan,US,2021-04-04 15:32:20,30.914,-101.8979,59.0,69,100,4.0
382,Sumbe,AO,2021-04-04 15:32:20,-11.2061,13.8437,80.47,83,99,3.53
383,Ugoofaaru,MV,2021-04-04 15:28:20,5.6667,73.0,84.42,68,72,12.84
384,Kavaratti,IN,2021-04-04 15:28:46,10.5669,72.642,82.92,67,48,14.43
385,Chernyshevskiy,RU,2021-04-04 15:32:21,63.0128,112.4714,-18.96,100,58,4.88
386,Ozernovskiy,RU,2021-04-04 15:32:21,51.5,156.5167,29.01,87,100,25.72
387,Baghdad,IQ,2021-04-04 15:32:21,33.3406,44.4009,77.0,23,0,12.66
388,Balakhninskiy,RU,2021-04-04 15:32:22,58.0106,114.2769,24.75,96,100,5.5
389,Adrar,MR,2021-04-04 15:32:22,20.5022,-10.0711,97.09,11,56,8.93
390,Makubetsu,JP,2021-04-04 15:32:22,45.3714,141.8211,33.35,63,37,7.0
391,Broome,US,2021-04-04 15:31:32,42.2506,-75.833,53.01,46,1,10.36
392,Khani,GE,2021-04-04 15:32:23,41.9563,42.9566,69.8,32,0,6.91
393,Poum,NC,2021-04-04 15:32:23,-20.2333,164.0167,78.93,79,100,23.31
394,Olinda,BR,2021-04-04 15:32:23,-8.0089,-34.8553,82.4,65,40,8.05
395,College,US,2021-04-04 15:32:24,64.8569,-147.8028,33.8,86,90,5.75
396,Renqiu,CN,2021-04-04 15:32:24,38.6989,116.0936,52.45,34,4,7.47
397,Zverinogolovskoye,RU,2021-04-04 15:32:24,54.4586,64.8542,33.87,98,100,9.64
398,Lesnoy,RU,2021-04-04 15:32:25,57.6198,63.0784,34.07,98,100,4.88
399,Maroantsetra,MG,2021-04-04 15:32:25,-15.4333,49.7333,78.78,86,54,5.35
400,Scarborough,GB,2021-04-04 15:30:36,54.2797,-0.4044,57.99,57,77,5.01
401,Visnes,NO,2021-04-04 15:32:25,59.3556,5.2242,44.6,93,75,32.21
402,Kargopol,RU,2021-04-04 15:32:25,61.5071,38.9456,32.32,89,100,10.16
403,Sharan,RU,2021-04-04 15:32:26,54.8167,54.0,32.68,98,100,10.33
404,Birjand,IR,2021-04-04 15:32:26,32.8663,59.2211,57.52,16,0,7.61
405,Coihaique,CL,2021-04-04 15:32:26,-45.5752,-72.0662,57.2,62,75,6.91
406,Faanui,PF,2021-04-04 15:32:27,-16.4833,-151.75,81.1,77,25,8.84
407,Nokaneng,BW,2021-04-04 15:32:27,-19.6667,22.2667,83.91,33,9,5.73
408,Hoquiam,US,2021-04-04 15:32:27,46.9809,-123.8893,45.0,75,90,12.66
409,Ullapool,GB,2021-04-04 15:32:28,57.8987,-5.1604,42.01,48,100,11.01
410,Marawi,PH,2021-04-04 15:32:28,7.9986,124.2928,67.84,94,100,0.72
411,Eisenach,DE,2021-04-04 15:32:28,50.9833,10.3167,51.01,56,28,1.01
412,Salinopolis,BR,2021-04-04 15:27:44,-0.6136,-47.3561,84.13,71,47,11.74
413,Waipawa,NZ,2021-04-04 15:32:29,-41.4122,175.5153,64.99,82,75,21.85
414,Karasjok,NO,2021-04-04 15:32:29,69.4719,25.5112,37.4,60,75,11.5
415,Vilyuysk,RU,2021-04-04 15:32:29,63.7553,121.6247,-17.18,99,99,2.06
416,Yantal,RU,2021-04-04 15:32:30,56.8471,105.2542,22.19,98,85,4.63
417,Kuching,MY,2021-04-04 15:32:30,1.55,110.3333,80.6,89,20,3.44
418,Victoria Point,AU,2021-04-04 15:32:30,-27.5833,153.3,70.0,94,100,1.99
419,Warri,NG,2021-04-04 15:32:31,5.5167,5.75,87.15,57,100,11.74
420,Korla,CN,2021-04-04 15:32:12,41.7597,86.1469,51.96,24,0,11.65
421,Ahuimanu,US,2021-04-04 15:32:31,21.4447,-157.8378,69.8,88,90,18.41
422,Petropavlovsk-Kamchatskiy,RU,2021-04-04 15:32:31,53.0452,158.6483,30.2,80,75,4.47
423,Iralaya,HN,2021-04-04 15:32:32,15.0,-83.2333,75.2,100,90,11.5
424,Chapais,CA,2021-04-04 15:32:32,49.7834,-74.8492,33.8,55,90,2.73
425,Ambilobe,MG,2021-04-04 15:32:32,-13.2,49.05,77.09,88,68,1.74
426,Touros,BR,2021-04-04 15:29:11,-5.1989,-35.4608,86.0,66,40,14.97
427,Muravlenko,RU,2021-04-04 15:32:32,63.7898,74.523,32.27,96,100,15.03
428,Buta,CD,2021-04-04 15:32:33,2.7858,24.73,87.85,44,74,2.93
429,Rabaul,PG,2021-04-04 15:32:33,-4.1967,152.1721,78.46,81,99,3.42
430,Palmer,US,2021-04-04 15:30:41,42.1584,-72.3287,50.0,27,20,4.61
431,Antofagasta,CL,2021-04-04 15:32:18,-23.65,-70.4,73.0,56,0,9.22
432,Boardman,US,2021-04-04 15:32:34,41.0242,-80.6628,57.99,47,19,5.99
433,Katobu,ID,2021-04-04 15:32:34,-4.9408,122.5276,78.33,85,100,5.1
434,Mount Gambier,AU,2021-04-04 15:32:34,-37.8333,140.7667,57.2,72,13,3.44
435,Vanavara,RU,2021-04-04 15:32:34,60.34,102.2797,1.31,99,53,3.29
436,Port Keats,AU,2021-04-04 15:32:35,-14.25,129.55,78.62,78,100,6.31
437,Northam,GB,2021-04-04 15:32:35,51.0333,-4.2167,55.0,76,28,8.01
438,Raga,SS,2021-04-04 15:32:35,8.4596,25.678,94.24,11,49,4.94
439,Colchester,GB,2021-04-04 15:30:11,51.8892,0.9042,59.0,69,19,7.0
440,Mazyr,BY,2021-04-04 15:32:36,52.0495,29.2456,41.68,57,81,9.17
441,Esna,EG,2021-04-04 15:32:36,25.2934,32.554,86.0,15,0,9.22
442,Japura,ID,2021-04-04 15:32:36,-0.3167,102.35,76.39,85,90,3.09
443,Sakakah,SA,2021-04-04 15:32:37,29.9697,40.2064,75.2,9,0,4.79
444,Kabo,CF,2021-04-04 15:32:37,7.6994,18.629,103.08,12,53,7.18
445,Nyagan,RU,2021-04-04 15:32:37,62.1406,65.3936,32.92,97,100,5.53
446,Platteville,US,2021-04-04 15:32:38,42.7342,-90.4785,62.6,55,1,9.22
447,Sur,OM,2021-04-04 15:32:38,22.5667,59.5289,86.4,44,0,7.63
448,Myitkyina,MM,2021-04-04 15:32:38,25.3833,97.4,78.39,22,100,1.41
449,Sobolevo,RU,2021-04-04 15:32:38,54.4299,31.8996,37.17,69,86,7.52
450,Coahuayana,MX,2021-04-04 15:32:39,18.7333,-103.6833,77.0,38,1,3.87
451,Zeya,RU,2021-04-04 15:32:39,53.75,127.2667,12.15,97,72,3.83
452,Lillooet,CA,2021-04-04 15:32:39,50.6856,-121.942,37.4,81,90,4.61
453,Morondava,MG,2021-04-04 15:32:40,-20.2833,44.2833,80.76,74,0,14.41
454,Kulevcha,UA,2021-04-04 15:32:40,46.0303,29.9361,45.99,76,100,4.72
455,Rio Gallegos,AR,2021-04-04 15:32:40,-51.6226,-69.2181,41.0,81,75,9.22
456,Hokitika,NZ,2021-04-04 15:32:40,-42.7167,170.9667,61.84,93,99,4.88
457,Bancasi,PH,2021-04-04 15:32:41,8.9667,125.4667,74.55,90,100,3.02
458,Ancud,CL,2021-04-04 15:32:41,-41.8697,-73.8203,64.99,62,0,3.44
459,Beian,NO,2021-04-04 15:32:41,63.6559,9.5683,41.0,81,75,32.21
460,Shingu,JP,2021-04-04 15:32:42,33.7333,135.9833,62.46,96,100,3.42
461,Baykit,RU,2021-04-04 15:32:42,61.67,96.37,21.63,96,100,3.85
462,Beranang,MY,2021-04-04 15:32:42,2.8733,101.8697,80.6,89,20,1.7
463,Aksu,CN,2021-04-04 15:32:43,41.1231,80.2644,48.94,40,99,7.25
464,Hobyo,SO,2021-04-04 15:32:43,5.3505,48.5268,83.52,66,76,13.73
465,Kununurra,AU,2021-04-04 15:32:43,-15.7667,128.7333,71.6,88,100,2.3
466,Karpathos,GR,2021-04-04 15:32:43,35.507,27.2132,64.4,77,20,13.8
467,Kieta,PG,2021-04-04 15:30:31,-6.2167,155.6333,78.3,82,94,3.71
468,Peniche,PT,2021-04-04 15:32:44,39.3558,-9.3811,68.0,67,0,8.01
469,Formosa,AR,2021-04-04 15:32:44,-26.1775,-58.1781,86.0,62,0,3.44
470,Lovozero,RU,2021-04-04 15:32:45,68.005,35.0117,30.78,93,100,4.92
471,Vrutky,SK,2021-04-04 15:32:45,49.1133,18.9171,42.8,45,75,4.61
472,Ust-Kulom,RU,2021-04-04 15:32:45,61.6864,53.6902,20.93,97,53,3.11
473,Asfi,MA,2021-04-04 15:32:06,32.2994,-9.2372,64.69,68,0,18.52
474,Muroto,JP,2021-04-04 15:32:45,33.2833,134.15,63.46,88,87,10.45
475,Dharchula,IN,2021-04-04 15:32:31,29.85,80.5333,60.39,15,27,8.46
476,Binabalian,PH,2021-04-04 15:32:46,16.4202,119.9279,80.92,79,0,4.29
477,Saint-Paul,RE,2021-04-04 15:32:46,-21.0096,55.2707,82.4,78,0,10.36
478,Salamanca,ES,2021-04-04 15:32:46,40.8333,-6.0,64.0,37,3,1.01
479,Lazo,RU,2021-04-04 15:30:20,43.3817,133.9014,31.5,57,0,4.23
480,La Ronge,CA,2021-04-04 15:32:47,55.1001,-105.2842,35.6,48,100,5.75
481,Okhotsk,RU,2021-04-04 15:31:32,59.3833,143.3,19.2,96,100,2.93
482,Saint-Leu,RE,2021-04-04 15:32:48,-21.15,55.2833,82.4,74,0,3.65
483,Thinadhoo,MV,2021-04-04 15:28:14,0.5333,72.9333,83.8,73,32,15.46
484,Cairns,AU,2021-04-04 15:28:19,-16.9167,145.7667,77.0,83,90,6.91
485,Topolobampo,MX,2021-04-04 15:32:48,25.6,-109.05,60.8,63,1,2.21
486,Yumen,CN,2021-04-04 15:32:48,40.2833,97.2,44.26,42,0,15.26
487,Yerbogachen,RU,2021-04-04 15:32:49,61.2767,108.0108,-11.29,99,59,4.18
488,Iquitos,PE,2021-04-04 15:32:49,-3.7481,-73.2472,78.8,83,75,4.61
489,Kazachinskoye,RU,2021-04-04 15:32:49,57.6953,93.2761,32.54,98,100,2.66
490,Palafrugell,ES,2021-04-04 15:32:49,41.9174,3.1631,64.99,22,56,10.27
491,Verkhnyaya Inta,RU,2021-04-04 15:32:50,65.9811,60.3094,26.8,92,100,5.66
492,Tarauaca,BR,2021-04-04 15:32:50,-8.1614,-70.7656,74.82,94,100,2.44
493,Jalu,LY,2021-04-04 15:32:50,29.0331,21.5482,84.72,7,0,11.39
494,Manitouwadge,CA,2021-04-04 15:32:51,49.1215,-85.8403,42.8,52,90,2.3
495,Luena,AO,2021-04-04 15:32:51,-11.7833,19.9167,78.8,69,40,6.91
496,Zapolyarnyy,RU,2021-04-04 15:32:51,69.4154,30.8136,35.6,80,75,20.71
497,Shuangcheng,CN,2021-04-04 15:32:52,45.35,126.2833,46.0,52,1,6.71
498,Port-Cartier,CA,2021-04-04 15:32:52,50.0334,-66.8654,37.99,47,75,10.36
499,Khandyga,RU,2021-04-04 15:32:52,62.6667,135.6,-26.54,100,32,1.34
500,Zhanakorgan,KZ,2021-04-04 15:32:53,43.9098,67.2495,49.53,70,100,19.39
501,Araouane,ML,2021-04-04 15:32:53,18.9048,-3.5265,100.99,4,3,1.01
502,Bulungu,CD,2021-04-04 15:32:53,-4.55,18.6,81.37,78,61,0.72
503,Bose,IT,2021-04-04 15:32:53,45.4612,8.0137,60.8,36,0,4.61
504,Verkhoyansk,RU,2021-04-04 15:28:36,67.5447,133.385,-14.84,99,99,3.13
505,Trinidad,BO,2021-04-04 15:28:17,-14.8333,-64.9,82.4,74,75,4.61
506,Egvekinot,RU,2021-04-04 15:32:54,66.3167,-179.1667,-10.7,81,98,7.9
507,Mwinilunga,ZM,2021-04-04 15:32:54,-11.7358,24.4293,67.73,88,83,4.45
508,Kahului,US,2021-04-04 15:29:49,20.8947,-156.47,69.8,94,75,11.5
509,Balugaon,IN,2021-04-04 15:32:55,20.1667,85.1,80.58,68,16,3.8
510,Bedford,GB,2021-04-04 15:32:55,52.1346,-0.4663,60.01,47,0,14.97
511,Milas,TR,2021-04-04 15:32:55,37.3164,27.7839,62.6,51,75,12.66
512,Narsaq,GL,2021-04-04 15:32:55,60.9167,-46.05,39.2,93,90,3.44
513,Abha,SA,2021-04-04 15:32:56,18.2164,42.5053,75.2,33,0,13.8
514,Mercedes,AR,2021-04-04 15:32:56,-34.6515,-59.4307,79.0,52,41,5.01
515,Tura,IN,2021-04-04 15:32:35,25.5198,90.2201,73.04,17,90,2.91
516,Yuli,NG,2021-04-04 15:32:56,9.6989,10.2744,102.11,8,91,7.43
517,Tiganasi,RO,2021-04-04 15:32:57,47.3333,27.4667,48.0,59,100,8.01
518,Vila,PT,2021-04-04 15:32:57,42.0304,-8.1588,73.99,39,6,10.0
519,Berlevag,NO,2021-04-04 15:28:27,70.8578,29.0864,33.8,93,75,32.21
520,Yemelyanovo,RU,2021-04-04 15:32:57,56.1681,92.6767,32.0,86,40,2.24
521,Lazaro Cardenas,MX,2021-04-04 15:32:58,17.9583,-102.2,82.76,54,7,2.71
522,Qaqortoq,GL,2021-04-04 15:32:58,60.7167,-46.0333,39.2,93,90,3.44
523,Opuwo,NA,2021-04-04 15:32:58,-18.0607,13.84,84.6,32,7,10.67
524,Falmouth,GB,2021-04-04 15:32:59,50.1544,-5.0711,53.6,58,35,9.22
525,Kampot,KH,2021-04-04 15:32:59,10.6167,104.1833,80.6,94,40,2.3
526,Mocuba,MZ,2021-04-04 15:32:59,-16.8392,36.9856,74.75,80,85,5.14
527,Caravelas,BR,2021-04-04 15:28:55,-17.7125,-39.2481,83.57,60,80,9.78
528,Krasnoselkup,RU,2021-04-04 15:33:00,65.7,82.4667,33.22,98,100,14.03
529,Mount Isa,AU,2021-04-04 15:33:00,-20.7333,139.5,73.4,60,16,6.91
530,Imbituba,BR,2021-04-04 15:31:23,-28.24,-48.6703,78.8,61,40,9.22
531,Nueva Loja,EC,2021-04-04 15:33:00,0.0847,-76.8828,73.4,94,90,4.61
532,Khorixas,NA,2021-04-04 15:33:01,-20.3667,14.9667,90.03,22,1,12.39
533,Kristiansund,NO,2021-04-04 15:33:01,63.1115,7.732,33.8,86,75,24.16
534,West Wendover,US,2021-04-04 15:33:01,40.7391,-114.0733,51.8,37,1,4.61
535,Susanville,US,2021-04-04 15:33:02,40.4163,-120.653,44.6,53,1,3.02
536,Vuktyl,RU,2021-04-04 15:33:02,63.8567,57.3094,26.33,95,100,3.49
537,Alpena,US,2021-04-04 15:33:02,45.0617,-83.4327,51.8,43,1,4.61
538,Saint Marys,US,2021-04-04 15:28:27,30.7305,-81.5465,66.99,48,75,6.91
539,Alappuzha,IN,2021-04-04 15:33:03,9.49,76.3264,81.91,73,65,11.79
540,Mweka,CD,2021-04-04 15:33:03,-4.85,21.5667,71.02,92,99,3.85
541,Aksarka,RU,2021-04-04 15:33:03,66.5606,67.7975,29.5,98,100,7.38
542,Den Helder,NL,2021-04-04 15:31:12,52.9599,4.7593,45.0,76,90,17.27
543,Morro Bay,US,2021-04-04 15:33:04,35.3658,-120.8499,52.0,81,40,3.0
544,Motygino,RU,2021-04-04 15:33:04,58.1831,94.7592,30.88,99,99,3.13
545,Maniitsoq,GL,2021-04-04 15:33:04,65.4167,-52.9,32.09,98,100,32.88
546,Karasuk,RU,2021-04-04 15:33:05,53.7377,78.0403,24.3,94,89,9.89
547,Kiruna,SE,2021-04-04 15:33:05,67.8557,20.2251,35.6,75,75,5.75
548,Rantepao,ID,2021-04-04 15:33:05,-2.9701,119.8978,67.39,95,100,3.53
549,Westport,US,2021-04-04 15:33:06,41.1415,-73.3579,53.01,31,90,3.44
550,Rabo De Peixe,PT,2021-04-04 15:33:06,37.8,-25.5833,59.0,88,75,17.27
551,Linhares,BR,2021-04-04 15:28:09,-19.3911,-40.0722,85.32,51,88,7.16
552,Pingliang,CN,2021-04-04 15:33:06,35.5392,106.6861,41.0,96,100,5.03
553,Byron Bay,AU,2021-04-04 15:33:07,-28.65,153.6167,68.0,94,75,6.91
554,Coquimbo,CL,2021-04-04 15:33:07,-29.9533,-71.3436,62.6,72,90,2.3
555,Constitucion,CL,2021-04-04 15:33:07,-35.3333,-72.4167,63.14,66,28,7.78
556,Dwarka,IN,2021-04-04 15:33:08,22.2394,68.9678,81.01,74,0,12.59
557,Harer,ET,2021-04-04 15:30:12,9.3094,42.1258,70.7,30,25,15.21
558,Svetlyy,RU,2021-04-04 15:29:20,54.675,20.1347,48.2,46,0,15.66
559,Puerto Madero,MX,2021-04-04 15:33:08,14.7208,-92.4215,84.2,70,40,6.17
560,Ubinskoye,RU,2021-04-04 15:33:09,55.3068,79.6802,26.49,98,97,8.9
561,Muzhi,RU,2021-04-04 15:33:09,65.3667,64.6667,31.35,99,100,5.44
562,Maraa,BR,2021-04-04 15:33:09,-1.8333,-65.3667,84.74,76,96,4.52
563,Shieli,KZ,2021-04-04 15:33:10,44.1667,66.75,48.52,74,100,19.37
564,Magomeni,TZ,2021-04-04 15:33:10,-6.8,39.25,84.2,74,20,17.27
565,Terrace,CA,2021-04-04 15:30:57,54.5163,-128.6035,32.0,93,75,3.44
566,Dudinka,RU,2021-04-04 15:33:10,69.4058,86.1778,13.87,94,100,13.89
567,Moron,AR,2021-04-04 15:33:11,-34.6534,-58.6198,79.0,61,4,4.0
568,Ahipara,NZ,2021-04-04 15:33:11,-35.1667,173.1667,58.33,82,20,4.5
569,Keningau,MY,2021-04-04 15:33:11,5.3378,116.1602,84.2,84,20,2.3
570,Dzhebariki-Khaya,RU,2021-04-04 15:33:11,62.2167,135.8,-21.95,99,68,1.41
571,Srednekolymsk,RU,2021-04-04 15:33:12,67.45,153.6833,-13.63,100,55,6.17
572,Jeremoabo,BR,2021-04-04 15:33:12,-10.075,-38.4808,95.45,25,26,10.54
573,Ust-Ilimsk,RU,2021-04-04 15:33:12,58.0006,102.6619,24.93,98,100,1.74
574,Margate,GB,2021-04-04 15:28:46,51.3813,1.3862,55.99,58,39,3.0
575,Krasnoborsk,RU,2021-04-04 15:33:13,61.5598,45.934,29.21,92,83,3.09
576,Luyang,CN,2021-04-04 15:33:13,27.6239,110.0989,49.35,95,100,2.15
